{
  "duration": 286.32,
  "pitch_mean": 139.09119638364015,
  "pitch_std": 61.07989204488753,
  "pitch_min": 65.40639132514966,
  "pitch_max": 670.7786902325353,
  "pitch_range": 605.3722989073856,
  "volume_mean": 0.05744665861129761,
  "volume_std": 0.05141459032893181,
  "volume_min": 0.00017281279724556953,
  "volume_max": 0.33508461713790894,
  "volume_range": 0.3349117934703827,
  "volume_change_rate": 0.011715980246663094,
  "speech_rate": 4.491478066499022,
  "zero_crossing_rate": 0.11734137729604249,
  "num_pauses": 34,
  "total_pause_duration": 26.006349206349206,
  "mean_pause_duration": 0.7648926237161531,
  "pause_frequency": 0.11874825370215145,
  "spectral_centroid_mean": 2177.436133355674,
  "spectral_bandwidth_mean": 2110.7591438355266,
  "spectral_contrast_mean": 23.84572556550685,
  "mfcc1_mean": -311.4132385253906,
  "mfcc1_std": 115.29206848144531,
  "mfcc2_mean": 79.25531005859375,
  "mfcc2_std": 62.041996002197266,
  "mfcc3_mean": 13.771060943603516,
  "mfcc3_std": 32.78633499145508,
  "mfcc4_mean": 28.581268310546875,
  "mfcc4_std": 27.601123809814453,
  "mfcc5_mean": 5.6680908203125,
  "mfcc5_std": 30.528112411499023,
  "mfcc6_mean": -19.789155960083008,
  "mfcc6_std": 25.920738220214844,
  "mfcc7_mean": -22.685569763183594,
  "mfcc7_std": 20.589675903320312,
  "mfcc8_mean": -17.25284767150879,
  "mfcc8_std": 19.42795181274414,
  "mfcc9_mean": -11.522953033447266,
  "mfcc9_std": 15.938980102539062,
  "mfcc10_mean": -5.621993064880371,
  "mfcc10_std": 13.95020580291748,
  "mfcc11_mean": -4.681578636169434,
  "mfcc11_std": 14.768891334533691,
  "mfcc12_mean": -2.064310312271118,
  "mfcc12_std": 10.770360946655273,
  "mfcc13_mean": -1.8663023710250854,
  "mfcc13_std": 11.090214729309082,
  "word_count": 858,
  "sentence_count": 57,
  "avg_words_per_sentence": 15.052631578947368,
  "avg_word_length": 4.287878787878788,
  "unique_word_count": 296,
  "filler_word_counts": {
    "um": 0,
    "uh": 0,
    "ah": 0,
    "er": 0,
    "like": 7,
    "you know": 0,
    "sort of": 0,
    "kind of": 0,
    "i mean": 0,
    "basically": 1,
    "actually": 4,
    "literally": 0,
    "so": 16,
    "right": 2,
    "well": 1,
    "anyway": 0,
    "okay": 0,
    "mmmm": 0,
    "hmm": 0
  },
  "total_filler_words": 31,
  "filler_word_rate": 3.613053613053613,
  "lexical_diversity": 0.5623409669211196,
  "most_common_words": {
    "'s": 12,
    "'re": 11,
    "presentation": 9,
    "audio": 7,
    "like": 7,
    "feedback": 6,
    "done": 6,
    "n't": 6,
    "vector": 6,
    "speaking": 5
  },
  "unique_content_words": 221,
  "hapax_percentage": 65.61085972850678,
  "mean_sentence_length": 17.24561403508772,
  "median_sentence_length": 14.0,
  "min_sentence_length": 5,
  "max_sentence_length": 38,
  "std_sentence_length": 9.868042877744097,
  "sentence_length_distribution": {
    "5-9": 29.82456140350877,
    "10-14": 21.052631578947366,
    "30-34": 10.526315789473683,
    "15-19": 10.526315789473683,
    "35-39": 7.017543859649122,
    "25-29": 7.017543859649122,
    "20-24": 14.035087719298245
  },
  "flesch_kincaid_grade": 7.01782235308551,
  "gunning_fog_index": 10.12361673414305,
  "complex_word_percentage": 10.256410256410255,
  "avg_syllables_per_word": 1.4184149184149184,
  "words_per_minute": 179.79882648784576,
  "vocal_expressiveness": 0.757072951644659,
  "speech_clarity": 0.5481655812753886
}